text,label,five_folds,ten_folds,train_test_split
"""Ich möchte wissen, wer hinter solchen Kommentaren steckt""  ... damit ich dafuer sorgen kann, dass er seinen Job, seine Familie,  seine Freunde und alles was er hat verliert...",1.0,0,0,0
"„Später spricht dann Wilhelm Wieben, er ist sich immer treu geblieben.“  Dieser Satz ist sehr zutreffend. Herr Wieben war ein in seinem Job ein Vollprofi und ein Mann mit Format und Stil, den es in der aktuellen Fernsehlandschaft fast gar nicht mehr gibt. Ingel Meysel freut sich bestimmt auf diesen niveauvollen Gesprächspartner. Möge er in Frieden ruhen.",0.0,0,0,0
"Es geht heute nur um Sie, Sie ganz allein, Ihre Ungeduld und Rüpelhaftigkeit hat sich für Sie ausgezahlt, nun kümmer ich mich ganz persönlich nur um Sie, ach gestatten, meine Name ist Tot, Schneller Tot und ich komme nun zu Ihnen!",1.0,0,0,0
Super aber das ganze gilt nicht für den 1800 PS Mann  und Dieselfahrer Eigentlich sollte der Zwerg ein Vorbild sein,0.0,0,0,0
"Steuern sind Raub - Räuber gehören weggesperrt! Ich finde, man sollte alle Steuereintreiber behandeln wie Vergewaltiger oder Kinderficker - sie nehmen sich einfach etwas, ohne zu fragen.",1.0,0,0,0
Toleranz hat Reus  sicherlich auch erwartet  bei dem Urteil für sein  unerlaubtes Fahren ohne Führerschein ....  ,0.0,0,0,0
Sonntag ab in die Arena und dort die erste Gelegenheit nutzen um  zu zeigen was die Fans von diesem Stil der Pfanne halten.,1.0,0,0,0
"alles in allem war guter fussball. Kompliment an die jungen spieler. selbstbewusst, spielsicher, alles was ein guter  fussballer braucht. wir brauchen keinen wendt, Johnson, lang und vielleicht traore. hoffentlich gibt Hecking den jungs auch eine Chance in der Rückrunde. das alles war sehenswert.",0.0,0,0,0
"wow jetzt schon wo der ""Krieg"" schon längst verloren wurde???? das ist wie wenn die Feuerwehr erst dann ausrückt wenn das Haus bis auf die Grundmauern abgebrannt ist! Die Dummheit und lahmarschigkeit der Regierungsbehörden und Sicherheitsunternehmen ist ein Witz...und soll man sich jetzt freuen? wie oft verarscht man uns eigentlich noch? Da hilft nur Bürgerkrieg um die bestehenden Grundfesten niederzureissen. ",1.0,0,0,0
Das Wegwerfen von Müll aus Autofenstern ist in diesem Land leider nur ein Kaveliersdelikt. Die Autobahnausfahrten sehen deshalb teilweise aus wie die firmeneigene Mülldeponies von Schnellrestaurants.  ,0.0,0,0,0
Mögen Bolsonaro und alle UmweltzerstörerInnen im ewigen Fegefeuer landen. Die Zerstörung unserer Erde schreitet immer schneller voran - man könnte nur noch weinen. ,1.0,0,0,0
"Na, da läuft doch bestimmt ein Versorgungsschiff nebenher, denn wo sollen auf einer Rennyacht, die schon mit 4 Personen besetzt ist, noch Lebensmittel und Trinkwasser für 14 Tage verstaut werden?!?",0.0,0,0,0
"Was funktioniert eigentlich noch in dieser Republik? Es wird Zeit für einen ""Eisernen Besen"" der wirklich einmal gründlich durchfegt. ",1.0,0,0,0
Die Einkaufspaläste am Stadtrand werden sich freuen.,0.0,0,0,0
Maas ein no Body. Bestenfall überfahren bei der nächsten Reise.  H.W. E.,1.0,0,0,0
"Deutsche Wirtschaft muss sich auf härtere Zeiten einstellen?  Aber die Arbeiter werden das ausbaden müssen. Wenn es den ""Reichen"" nicht mehr gut geht sind die armen schon lange verhungert.  ",0.0,0,0,0
"Im Herbst 2020 die geplante Rodung mit einer Woche Vorlauf ankündigen. Wer dann noch in den Bäumen sitzt, kann ruhig mit abgeholzt werden.  Wer Gesetze nicht respektiert und achtet, Anweisungen der Polizei nicht befolgt, passt nicht in unsere Gesellschaft. Da müssen die ""Aktivisten"" durch. ",1.0,0,0,0
"Vielleicht nimmt Frau AKK sich ja ein Beispiel an Kollegin ""Ich-mache-mir-die-Welt-wie-sie-mir-gefällt""-Nahles und tritt aus eigenen Stücken auf Druck aus der Partei zurück...",0.0,0,0,0
"Aktivisten??? Verbrecher, Terroristen!! - Die f4f-Kinder sollen nur aufpassen, dass sie nicht unter die Räder kommen.",1.0,0,0,0
"Wundert das jemanden ? Alte Bräuche, alte Sitten, alte realitätsfremde Männer...",0.0,0,0,0
"Wenn Trump da gewesen wäre, hätte der den erschossen bevor auch nur ein Schuss abgeben worden wäre.",1.0,0,0,0
"Moin, ich selbst habe auch schon brenzlige Situationen in dem Kreisverkehr erlebt, mit PKW und Fahrrad, wichtig ist die gegenseitige Rücksichtnahme dann klappt es auch mit dem unfallfreien ;-) Verkehr.Autofahrer müssen nicht mit Tempo 50 da durch fliegen. ",0.0,0,0,0
""" Kriminelle Mitglieder arabischstämmiger Großfamilien "" Merkel sie sind ein Versager, es kommt auch mal die Zeit wo sie auch Angst haben werden",1.0,0,0,0
Ratingen und vor allem das benachbarte Umland leiden nicht gerade unter Obdachlosigkeit und Wohnberechtigungsscheine  werden von Politikern wie weisse Salbe verteilt. Pendler hat man wenn man versucht den Wohnbedarfsueberschwappeffekt aus Düsseldorf zu bedienen und Projekte wie Schwarzbachquartier foerdert. Ratingen hat zudem selbst ziemlich viele Auspendler die billig in Ratingen wohnen und weiterhin woanders arbeiten wollen...,0.0,0,0,0
Den Vater sollte man verprügeln.Warum steckt er eine Achtjährige in die Geisterbahn und dann noch in so eine Spezielle. Der Mann scheint hirnlos zu sein.,1.0,0,0,0
"Na ja wenn Erdogan, den die BILD als Diktator bezeichnet, die Anschläge für seinen Wahlkampf instrumentalisiert könnte man vermuten das die Täter von ihm beauftragt und bezahlt worden sind. Diese Strategie ist alt und nicht unüblich auf eigene Leute schießen zu lassen und damit einen Freibrief der Moslems zu bekommen zurück zu schlagen und Rache zu nehmen.  Das sind zwar menschenverachtende Methoden aber passen zu solchen Politikern wie Präsident Erdogan. ",0.0,0,0,0
Den Kunden“ Jäger „ sollte man abschiessen und ausstopfen,1.0,0,0,0
"Ja, genau. Deutschland ist nur von Räächstpopulisten umzingelt. Fakt ist, dass Deutschland in Europa nahezu isoliert ist. Aber solange die Medien noch regierungsfreundlich berichten, läuft es ja.",0.0,0,0,0
"„An die Wand, an die Wand“, schallte es aus dem Auditorium zurück.  Hoffentlich kommt es so für die wahren Vaterlandsverräter Maduro & Co!",1.0,0,0,0
Wichtig ist auch die Berücksichtigung eines Radweges ERA 2010 konform,0.0,0,0,0
"Die Politiker versagen, die sollten alle für immer weggeschlossen werden",1.0,0,1,0
"Und was machen die Eltern? Geld verdienen ist nicht das wichtigste im Leben. Es gibt andere Werte, die leider heute vergessen werden. Selbstverständlich soll die Kasse alles Erforderliche für eine Behandlung zahlen. Es gibt aber such hier irgendwo Grenzen. ",0.0,0,1,0
"pass nur gut auf stolzer ami, eines Tages kommt doch ein Lee Harvey Oswald II. und macht dem ganzen schaurigen Geschehen ein Ende.",1.0,0,1,0
Salvini schützt mit seiner Entscheidung seine und die deutsche Bevölkerung. Danke!,0.0,0,1,0
"Ein Kannibale ist in der agierenden Pädophilenpartei recht gut aufgehoben. Im Anschluss ihrer inzestiösen und pädophilen Vergehen, können die Steineschmeißer ihre Beweise verschwinden lassen.  Viel Glück noch...... Und ich lad schonmal den Karabiner durch. ",1.0,0,1,0
"Millionen für externe Berater,   da fallen ein paar Peanuts,    mehr oder weniger, auch nicht groß auf !!!! - ",0.0,0,1,0
hat er gut gemacht.  Ich hätte unvernünftigerweise die Demonstranten angestachelt das Ding an zu zünden... ,1.0,0,1,0
"Typischer Ruhrgebietsklüngel: Schalke bewahrt Dortmund davor, zum Gespött der Bundesliga zu werden.  ",0.0,0,1,0
Der Abschaum dieses Planeten schreckt auch vor dem Missbrauch dieses Rechtsstaates nicht zurück. Kriminelle Clans müssen komplett entsorgt werden. ,1.0,0,1,0
"Tja, Herr Laschet, was sagen Sie dazu.  Jede Schulstunde betrifft im Schnitt wohl 25 Schüler. Das kritisiere ich und fordere Sie und die Landesregierung zum Handeln auf. ",0.0,0,1,0
"Höchste Zeit, daß dieser Vermögensvernichter Draghi entsorgt wird!",1.0,0,1,0
Einem anderen Nachrichtensender war heute nachmittag zu entnehmen: Hochzeitsgesellschaft blockiert AB 81 und filmt entstehenden Stau!,0.0,0,1,0
"Da es sich um organisierte Kriminalität (Entführung von hoheitlichen (von der Gesellschaft bezahlten) Infrastruktur) handelt, können die Drahtzieher (Verwalter) persönlich zur Rechenschaft gezogen werden.  Sie haben Namen, Adresse, Gesicht, (unkündbare?) Stellung!",1.0,0,1,0
"Haha, es geht um Waffen, nur um Waffen und Wirtschaftsinteressen!  nicht in meinem namen!",0.0,0,1,0
Die Lösung für den Ku Klux Klan: Sniper!,1.0,0,1,0
Ob im Schulministerium auch die Heizung abgeschaltet wird? ,0.0,0,1,0
"Das ist eine Kriminelle! Die Leute die mit Spenden unterstützen unterstützen eine kriminelle Vereinigung. Ich hoffe, hier wird hart durchgegriffen!",1.0,0,1,0
Wenn ich diese Bilder sehe bin ich erschüttert. Zeitgleich stellen ich mir die Frage wer für den Schaden aufkommt und ob die Brandschutzbestimmungen in dem Unternehmen durch die zuständigen Behörden überwacht wurden. ,0.0,0,1,0
"Fest steht mal eines (und das schon seit langer Zeit): wenn ich einen Menschen umbringen will, ""haue ich mir einen hinter die Binde"" und mache das mit einem Auto - günstiger kann ich dabei in der Regel vor Gericht nicht abschneiden, was die Konsequenzen angeht. Das ist der effektivste Weg, schnell wieder in Freiheit zu sein - MIT Führerschein, versteht sich. ",1.0,0,1,0
"Mir fehlen mittlerweile die Worte für derartige Politiker.  Ich kann mir nur vorstellen, daß Seehofer und dieser Herr Müller alles tun, damit die AfD die nächsten Landtagswahlen auch sicher gewinnt und die beiden Herren nach der Wahl wieder sagen können : Wir haben verstanden !",0.0,0,1,0
"Dafür gehören alle Täter ein Leben lang bei Wasser und Brot weggesperrt,  aber bei unserer Luschen-Justiz ahne ich böses. Mein Vorschlag: Sperrt diese XXXXX (keine meiner Bezeichnungen würde durch die Nettiquette gehen) mal unbeaufsichtigt für 10 Minuten mit den Angehörigen der Kinder in einen Raum. Dann hätte sich vieles erledigt und die XXXXX würden nicht noch jahrelang Kosten verursachen...",1.0,0,1,0
Besser dort als im Hambacher Forst,0.0,0,1,0
"Lieber Helfer, bitte bleibe anonym. Es könnte nämlich sein, das der Griff ins Lenkrad möglicherweise strafrechtlich relevant ist.",1.0,0,1,0
"Schön,jetzt weiß ich wenigstens,wofür ich den ganzen Papierkram mit den Datenschutzverordnungen,der mir vor die Nase gelegt wurde,unterschrieben habe!!! Danke für NICHTS!!! Wenn ein Angestellter von mir dies zu verantworten hätte,hätte ich ihm nur einen Satz gesagt:danke für die Info,Kündigung ist raus!!!",0.0,0,1,0
"Ja, raus mit diesem Hetzer!",1.0,0,1,0
"Divus : Die Negativbeispiele von Eberl sind ja o.k., aber Eberl hat ja nicht nur scheiss gebaut. Die Frage ist, geht Eberl, wer kommt dann. Ich sehe am Managerhimmel keine Persönlichkeit der man eine bessere Leistung zutrauen könnte. Vielleicht wäre Effe der Richtige aber da hat die Riege um Königs sicher keinen Bock drauf - zu unbequem. Effe redet außerdem nicht so gewandt wie Eberl und das ist in gewissen Kreisen wichtiger als sinnvolle Entscheidungen.",0.0,0,1,0
"Vielleicht sollte Carola mal bei ihrem Waffenschieber-Vater ansetzen, hier könnte sie aktiv Fluchtursachen-Bekämpfung betreiben...",1.0,0,1,0
"Schade, mit diesen Mietverträgen hätte ich das Gebäude auch gern gekauft.",0.0,0,1,0
Die Tötung von Soleimani ist genauso gerechtfertigt wie die Tötung von z. B. Trump oder Netanjahu.,1.0,1,1,0
"--> Tuxtom: ""ich würde wünschen, die EU tritt noch nach und schmeisst die Ende Oktober hochkant raus"" Es ist immer wieder erschreckend, wie leicht sich Menschen zum Hass auf Menschen aufstacheln lassen.",0.0,1,1,0
"Ja es ist soweit, das wir uns selber Verteidigen müssen. Ich habe drei lange dünne Schraubenzieher immer dabei. Die gehen überall durch und sind keine Waffen",1.0,1,2,0
"In n-tv wir von 100 Mio. gesprochen. Einfach nur noch Irrsinn. Ich weiß, warum ich mich nicht mehr für Profi-Fußball interessiere. ",0.0,1,2,0
"Ein Kannibale ist in der agierenden Pädophilenpartei recht gut aufgehoben. Im Anschluss ihrer inzestiösen und pädophilen Vergehen, können die Steineschmeißer ihre Beweise verschwinden lassen.  Viel Glück noch...... Und ich lad schonmal den Karabiner durch. ",1.0,1,2,0
"Herr Vollmer, sie sollten sich nicht über die CDU erheben. Denn auch sie umschreiben die Ehe für homosexuelle als Ehe für alle. Keinen Mut? Fürchtet man, dass die gesellschaftliche Akzeptanz vielleicht nicht so hoch wäre, würde man das Kind beim Namen nennen?",0.0,1,2,0
"Gerade in den Nachrichten gesehen, was die Italiener mit den Villen solcher Subjekte machen. Das täte mir gefallen!",1.0,1,2,0
"Wer will sich schon mit""der Mannschaft ""identifizieren?",0.0,1,2,0
"Naja... ich würde ja fast sagen wollen: ""Einer Königsmörderin würdig"". Aber ich werde es nicht sagen ;-)",1.0,1,2,0
"In einer demokratischen Arme darf demokratisch gewählt werden. Und wenn das Angebot der AfD nächer an den Wünschen und Bedürfnissen der denkenden Bürger ist, sieht das aus sicht der CDU nach einem Verlust aus. Die Demokratie hat diese Bürger nicht verloren.",0.0,1,2,0
"Ich überlege demnächst mal ihre Haustür aufzubrechen und mich an Ihrem Kühlschrank zu bedienen (Ist hoffentlich nix veganes drin?!). Mal schauen, was Sie dann kommentieren.",1.0,1,2,0
"""So ist mittlerweile ein hoher einstelliger Betrag zusammen gekommen, etwa sieben bis acht Millionen Euro sind es."" Hab ich in Mathematik was verpasst, oder sind Millionen einstellig?",0.0,1,2,0
"Das ist doch der Freund von Ober-Oligarch Putin!  Der sollte seinen dummen Mund halten, der Mann der ""Agenda 2010""!  Dem gehört, Pardon!, voll auf die Fresse, um es einmal mit Frau Nahles auszudrücken.",1.0,1,2,0
"2007 wurden die Ziele für 2020 festgelegt. 2011 kam der panische Atomausstieg von Merkel. Nun muss Merkel am 20.09.2019 feststellen, dass die Ziele 2020 nicht erreicht wurden. Woran das wohl gelegen hat?",0.0,1,2,0
"Warum werden die ""Aktivisten"" nicht wegen Mordversuch sofort Verurteilt 5 Jahre in den  Bau. Wer nicht innerhalb von 15 Minuten vom Baum ist der Baum wird gefällt. ",1.0,1,2,0
"Komisch, in der Presse war von den einzelnen Taten so gut wie nichts zu lesen. Wenn täglich ein Hund getötet würde, wäre das sicher ein Dauerthema in der Presse.  Hat jemand eine Idee warum das so ist ?",0.0,1,2,0
"Hangt  den Täter auf... an Stacheldrath...   Wenn er endgültig verurteilt wurde.... Wenn mein Kind dabei gestorben wäre, würde ich das tun, mal sehen ob Allah, oder sein ""Proohet"" bzw. Lügner  Pederast was dagegen tun könnte....",1.0,1,2,0
"Es nervt nur noch, das jeder meint die Moral mit Löffeln gegessen zu haben und zu allem rumpöbeln zu müssen. Was anderes ist das doch nicht, fehlt nur noch die Nazikeule. ",0.0,1,2,0
Es wird zeit das wir Gesetzte ändern. Solche Typen müssen auf der Stirn gezeichnet und eine Hand ab.,1.0,1,2,0
"Wie immer, sobald in RPO ein Artikel über die Oper in Düsseldorf erscheint, kommen Bildungsferne Schichten hervorgekrochen und kleffen los: ""Nischenprodukt"", ""Will keiner haben"", usw. Oper und Ballett muss nicht Jedermanns Geschmack sein, aber aus eigener Abneigung darauf  zu schliessen, das alle anderen Düsseldorfer Kunst und Kultur ebenfalls ablehnen zeigt doch wie einseitig diese Menschen gestrickt sind.",0.0,1,2,0
 bei der Auflösung von Blockaden auch Schlagstöcke eingesetzt.  Warum auch nicht? Anders ist den ewigen R2G Demonstranten doch nicht bei zu kommen. ,1.0,1,2,0
"Die, die erwischt werden, die müssen einfach richtige Strafen bekommen. Schon allein das überschnelle Fahren braucht hohe Geldbußen (5000 Euro aufwärts), dazu Führerscheinentzug (1 Jahr aufwärts, auch gerne mit medizinisch-psycholog. Gutachten), auch die Enteignung sollte stets geprüft werden. Und so bald es Rennen sind müssen Haftstrafen her. ",0.0,1,2,0
Dem sollte man etwas abschneiden,1.0,1,2,0
"Eine bodenlose Frechheit und die absolut falsche Richtung für den Umweltschutz. Wir sind 4 Personen und schöpfen selten das Maß der 35 l Tonne aus. Nun werden wir für unseren umweltbewussten Umgang mit Abfall bestraft. Ich werden künftig das nicht genutzte Volumen fotografieren und dann alle 14 Tage ein Foto an die mags senden, an die Presse .....und Politik. Wir werden wirklich entmündigt....leben wir wirklich in einer Demokratie? ",0.0,1,2,0
"""CDU-Politiker Axel Voss verteidigt die Pläne"" Mit dem Filter will man die Menschen tot machen Mit dem Filter kann man dann leicht alles Sperren Damit ist die Demokratie zu Ende Typen wie Voss gehören in die Gosse",1.0,1,2,0
Besser vollautomatisch fahrende Busse - da streikt dann kein Fahrer. Wie viel würden die Fahrgäste denn gerne extra zahlen?,0.0,1,2,0
Wann steht endlich ein ehrbarer Mitarbeiter des CIA auf und erlöst die Welt?,1.0,1,2,0
"Bis jetzt läuft alles, wie erwartet. Die neuen Spieler schlagen voll ein. Erst Thuram, jetzt Embolo und Lainer. Und Plea trifft nach genialer Freistoßidee. Alle machen alles richtig. Jetzt noch Bensebaini für Wendt und dann wird diecPost bald auch spielerisch abgehen. Weiter so. ",0.0,1,2,0
"Da es ja i,mmer Lustiger wird ,wir Glauben doch alle was uns die Kirche erzählt , also nehmen wir den Spruch mit dem Auge und Zahn doch mal Wörtlich. Mal Schaun was daraus wird.",1.0,1,2,0
Und diese Leuten bezahlen auch noch die selben Dauerkartenpreise  wie letzte Saison. Die nächste Dauerkartenkauf wird mir eine Überlegung werd sein und ich bin treuer Fortune seit 1961!!!!!!!     ,0.0,1,2,0
"Wat??? Dieses Würstchen existiert noch? Und dann noch einen Auftritt durch den TuS ??  Naja, der TuS halt. Passt zu deren Niveau! Der soll bleiben wo der Pfeffer wächst, oder dort wo es noch Nürnberger Rassengesetze gibt. Der ist ja noch nicht mal witzig. ",1.0,1,3,0
"Wie immer bei den ÖKs, Bevormunden und Ausbeuten von dehnen die Sie jahrelang überversorgt alimentieren müssen. Da helfen nur Wahlen und gute alternativen gegen diese idiologischen R2Gs. In NRW haben die Wähler das ja schon durchgeführt.",0.0,1,3,0
"Es wird Zeit, die Schulpflicht mit Gewalt durchzusetzen.",1.0,1,3,0
"Dennoch gilt es den dörflichen Charakter aufrechtzuerhalten. Bauhaus war vor 100 Jahren, die Höfe sind wesentlich älter. Warum müssen in Orten mit dörflichen Charakter, siehe Raderbroich oder Herrenshoff, plötzlich reihenweise dreistöckige Häuser inmitten von 1 1/2 geschossigen Häusern gebaut werden? Zumal diese  Mehrfamilienhäuser alle gleich aussehen und null Charakter im Ausssehen haben . Eben langweiliger Bauhausstil. Da macht es sich  die Stadt Korschenbroich sehr einfach. ",0.0,1,3,0
Diese Menschen sind eine Schande . Feuerwehrleute angreifen die Menschen schützen und helfen unter Einsatz ihre Lebens.  Holt diese von den Bäumen . Mit Hochdruck Wasserspritzen die Baumhäuser unter Wasser setzen. Diese Gewalttäter einsperren und verurteilen zu Strafen die angemessen sind. Gemeinsamer versuchter Totschlag Bildung einer Terror Zelle.,1.0,1,3,0
"Ticket 2000, wenn ich sehe wie Teile meiner Heimat verschwinden, dann hat das nichts mit grossen Ingenieursleistungen zu tun.  Fahren Sie mal nach Pesch, Immerath, Borschemich und Lützerath. ",0.0,1,3,0
Versenkt doch endlich das Schiff.,1.0,1,3,0
"Vor vielen Jahren war ich während eines hinduistischen Feiertages auf Bali, an dem das gesamte öffentliche Leben stillstand. Kein Lärm, kein Verkehr, keine Veranstaltungen. Für mich als Gast war es normal, sich an die Regeln zu halten. Sogar der sonst morgens um fünf nervende Muezin der benachbarten Moschee sang im Flüsterton. Auch wenn ich selbst Agnostiker bin, halte ich Toleranz und Rücksichtnahme für wichtig.",0.0,1,3,0
"Das internationale Seerecht ist da eindeutig: Piraten dürfen sofort erschossen werden, gilt auch für Helfer.",1.0,1,3,0
"Dat wäre mit einem Schwarz-Weiß-Röhren-Gerät wohl nicht passiert! Aber die Vernetzung von Unterhaltungs- und Haushaltsgeräten wird uns in der Werbung ja als modern und ""vorteilhaft"" verkauft. Ehrlich gesagt, kein Mensch braucht ein vernetztes Haus! Wie das Wort schon sagt: im Netz ist man gefangen... ",0.0,1,3,0
Geisel gehen sie in den Wald und nehmen eine Schaufel mit,1.0,1,3,0
"Gut zu wissen, dass für meine Kinder keine Schulpflicht mehr besteht.",0.0,1,3,0
"Wo ist das Problem ? Deadline setzen, bis wann jeder den Wald zu verlassen hat und danach Brandrodung. Fertig ! So what...",1.0,1,3,0
"Super, ich kauf' mir so kein E-Mobil. Wo soll ich laden? No E-Auto for Öko. Die Ökobilanz ist eh schlecht.",0.0,1,3,0
"Macron wirft dieser selbstverliebte Schwachkopf eine kolonialistische Mentalität vor. Die Bolsonaros, selbst erst Ende des 19. Jahrhunderts aus Italien als Kolonialherren in dieses Land eingedrungen, erheben sich massiv und skrupellos aus reiner Profitgier  gegen die wahren Bewohner  dieses Landes.  Solche Typen sollte man mit aller Gewalt stoppen und zum Teufel jagen....",1.0,1,3,0
"Der VKU hat ihr schon ein fürstliches Gehalt bezahlt, offenbar reicht es ihr nicht. ",0.0,1,3,0
"Dann aber auch automatische Waffen für Schüler. Denn sonst können die sich gegen Amok-Lehrer nicht wehren.  Ach gäbe es doch nur einen aufrechten Ami, der ""versehentlich"" den Trump erwischt.",1.0,1,3,0
"Letzte Woche wurde ein »normales« Paar getraut. Der Standesbeamte hatte versehentlich beide als Frau eingetragen! Ein Trauzeuge war wachsam und bemerkte den Lapsus. Die »Hochzeitsgesellschaft« (4 Personen) bewegte sich daraufhin ins Dienstzimmer des Beamten, wo der Fehler im Original behoben wurde.  Zum Glück war es an dem Tag die einzige Hochzeit, so das es nicht zu weiteren terminlichen Verzögerungen kam.   Armes Deutschland - wohin bist Du gekommen.",0.0,1,3,0
"Ich dachte, dass Sie mal Opfer einer Messerattacke werden ! ",1.0,1,3,0
Hehehe. Und Jahn Böhmermann tritt die Nachfolge von Kanzlerin Merkel an.  Narrhallamarsch. Wollen wir ihn reinlassen?,0.0,1,3,0
Wo bleibt nur Lee Harvey Oswald II.?,1.0,1,3,0
Scholz hat schon beim G20 in HH versagt und wird auch den Soli nicht abschaffen ! Da sind wohl irgendwo Wahlen ?,0.0,1,3,0
Freiheit für den Virus!!!! Nieder mit den Schutzmasken!!!,1.0,1,3,0
"Warum haben Sie diesen Blödsinn von mir veröffentlicht?""Trump ist super. Ich liebe ihn. Das ist ein toller Typ. Hoffentlich kriegt er eine zweite Amtszeit. Der macht super Sachen. Der ist sehr sympathisch. Der ist gut. Der macht alles für uns. Hoffentlich wissen die Leute das. Der kann auch mit Geld umgehen...."" Wie kann man so etwas zeigen?  und kritische Töne nicht? Trump ist ein menschliches NO-GO...",0.0,1,3,0
Ja dann läuft ja alles wie geschmiert nur noch abwarten und bald sind alle Flüchtlinge am Coronavirus gestorben. Perfekte Problemlösung. Jedenfalls kam das Virus diesbezüglich genau zur rechten Zeit. ,1.0,1,3,0
"Bei den Briten scheint man es ja sehr genau mit den rechtlichen Aspekten des Aufenthalts zu nehmen.  Bei Merkels Gästen ist man in diesem Punkt von kaum zu überbietender Großzügigkeit. Aber wenn die Briten das aus vier Buchstaben bestehende Zauberwort aussprechen, wird man da mit Sicherheit auch erst mal sehr großzügig verfahren.  Meine Meinung dazu: Es ist einfach nur noch lächerlich!",0.0,1,3,0
Frau Marschall hat schon vor gefühlten  20zig Jahren immwer wieder   behauptet das wir nächste Woche Vollbeschäftigung haben. Ein Vorschlag: Frau Marschall erzählt das ( Junge Bewerber können sich die Jobs aussuchen) demnächst den zehntausenden Jugendlichen die mal wieder keine Lehrstelle bekommen werden!....ohne Personenschutz. ,1.0,1,3,0
"Eine  ""Impfpflicht""  sollte für   ALLE  Säuglinge bzw. Kleinkinder  gelten !!!! - ",0.0,1,3,0
Jagd den Geisel aus der Stadt! ,1.0,2,4,0
ohh. diese pöse Borussia kauft die Konkurenz leer;) ,0.0,2,4,0
"Wie währe es mal langsam, diese Vandalen auszuräuchern, damit endlich mal Ruhe ist und nicht weiter Steuergelder für die unsäglichen Polizeieinsätze vergeuldet wird.",1.0,2,4,0
"Wenn der Impfstoff dann da ist, hoffe ich doch sehr, dass die ganzen Corona-Hysteriker vornean stehen, um ihn für die Allgemeinheit zu testen. Wobei... wenn wir erstmal alle unter Androhung von Repressalien zwangsgeimpft werden, ist das eigentlich auch egal.",0.0,2,4,0
"Die französische Polizei fackelt eben nicht lange, eine Polizeikugel ist eben billiger als ein jahrelanger Prozess und Haftunterbringung die nur den Steuerzahler belastet. ",1.0,2,4,0
"Die gelben Säcke sind generell keine gute Lösung. Auf unserer Straße gibt es u.a. deswegen ein Rattenproblem, weil die Säcke den Tieren natürlich leicht Zugang zum Inhalt erlauben. Abgesehen davon, dass besagte Säcke bei Wind gern durch die Gegend fliegen und ihren Inhalt verteilen. Vielleicht im Rahmen der Diskussion darüber nachdenken, nur noch gelbe Tonnen zu nutzen.",0.0,2,4,0
"""Messerkriminalität ist leider ein Thema. In Großstädten muss man mittlerweile damit rechnen, dass Menschen Messer bei sich tragen und sie auch herausholen, wenn es eine Auseinandersetzung gibt.""  Und gegen die ""Messermänner"" (aus nicht genannt wollenden Gegenden) helfen (zur finalen Eigen-Rettung!) nur die ""drei Herren"" Walther,  Heckler und Koch!  ",1.0,2,4,0
Spielt die Borussia weiter so einen Graus dann hilft vielleicht Trainer Krauss.  Schlimmer geht's nimmer.,0.0,2,4,0
"Zuerst einmal ermitteln, wer die Schuld trägt. Dann vor den Internationalen Gerichtshof in Den Haag stellen und verurteilen, am besten, zur Abschreckung, Todesstrafe.",1.0,2,4,0
"Bigottes Deutschland: Kippa-Tragen wird zur Bürgerpflicht, gleichzeitig soll das Kopftuch in öffentlichen Gebäuden und für Schülerinnen verboten werden. Wenn schon, dann religiöse Toleranz für alle Glaubensgemeinschaften!",0.0,2,4,0
"Danke Frau Merkel, vielen Dank Frau Merkel. Ein weiteres Opfer ihrer inakzeptablen Flüchtlingspolitik! Sie gehören vor ein Strafgericht und die besondere Schwere der Schuld ist fest zu stellen !! Gehen Sie zu den Eltern des kleinen Jungen und erklären Sie sich!!!!!",1.0,2,4,0
Klar in den Vereinsfarben - aber in unseren. Das ist die Fortuna-Krawatte. Das nennt sich Diplomatie der Extraklasse!,0.0,2,4,0
"Könnte das Räumungskommando nicht das Gesindel aus den Bäumen direkt mit entsorgen ? Man könnte ein Spendenkonto einrichten. Diese ekelhaften Straftäter sollten keinerlei Toleranz mehr erfahren, sondern knallhartes, konsquentes und schmerzhaftes abräumen. Bin gerne behilflich.",1.0,2,4,0
Also gibt es eine einfache Lösung für Trump: Er leitet einfach die hochqualifizierten Migranten aus Honduras nach Kanda weiter.  Wahrscheinlich aber möchte Kanada solche Migranten auch nicht haben. Was nur einem Tasachenverdrehenden Michel nicht einleuchtet.,0.0,2,4,0
"Man sollte alle CDU-Politiker irgendwo einsperren, wo sie keinen Schaden mehr anrichten können...",1.0,2,4,0
Seehofer hat in der Asyldebatte mehr angestoßen als jeder andere Politiker. Das muss man schlichtweg festhalten!   Wären in der Union nicht derart viele Zauderer hätte man auch wirksame Maßnahmen durchbekommen.,0.0,2,4,0
Wanted  dead or alive  PETA Aktivisten. ,1.0,2,4,0
"Die Tendenz geht ja in Richtung russisches Vorbild, da wird an den Eingängen der Fabriktore der Arbeiter vom Vorarbeiter gefragt, was er wählt und wenn es die falsche Entscheidung ist, kann er sich gleich die Papiere holen. Die Demokratie geht manchmal seltsame Wege, von wegen frei,geheim,gleich und direkt, wird alles unterwandert.",0.0,2,4,0
"""Rechtes Trio verprügelt Mann am Kölner Hauptbahnhof"" Wann übt man den Ernstfall gegen Nazi-Terror am Kölner Hauptbahnhof, und so tut, als würde man diese auch erschießen?",1.0,2,4,0
"„Freilaufende Hunde war es auch, die im Wildpark Reuschenberg am Donnerstag drei Kängurus töteten“  Oh jeh, jetzt waren es schon mehrere.",0.0,2,4,0
"""Die Männer im Alter zwischen 20 und 30 Jahren seien am Fuße ihrer selbst mitgebrachten Leiter in einer Seitenstraße von Polizisten in Empfang genommen worden."" Ein unverhältnismäßiger Polizeieinsatz. Selbst hochklettern und dann jeweils ein kleiner Stupser hätte doch auch gereicht. ",1.0,2,4,0
"Die Dürre 2019 kommt. Endlich! Hatte schon die Befürchtung, daß die Weltuntergangs-Herbeischwörer - Pardon! Die ""Klimaforscher"" - sich evt. geirrt haben :D :D :D",0.0,2,4,0
"„Was hast du gegen uns“, soll er den Polizisten gefragt haben.  Genau für die Frage, hätte es schon eine Ohrfeige geben müssen, weil dieser Typ den Polizisten nicht zu duzen hat.",1.0,2,4,0
Da dachte man 2015 es kann kaum schlimmer kommen... Und jetzt das. Frau Merkel was haben sie angerichtet. ,0.0,2,4,0
"Wer unsere Gastfreundschaft mißbraucht, verliert damit auch seinen Anspruch auf Asyl und hat sofort abgeschoben zu werden, egal wohin.  Von mir aus kann dafür eine Insel im Mittelmeer aufgeschüttet werden.  ",1.0,2,4,0
"...gut gelaunte Merkel! Ja, man ist gut gelaunt...kurz vor der Rente/Pension!!!",0.0,2,4,0
Das kleine schwarze Loch zwischen den Augenbrauen bei diesen Mistkerl wäre das Richtige. Man darf es hier nicht sagen! Aber was ist der für eine Bestie!!!! ,1.0,2,4,0
"Die WHO ist die Werbeabteilung der chemischen Industrie. Unglaublich, was für Märchen den armen Leuten aufgeschwätzt werden. Wer sich gesund erhält wird mit einem funktionierenden Immunsystem belohnt und kann über angebliche Volkskrankheiten nur müde lächeln.   Wer sich statt dessen Antibiotika, Impfungen und sonstige Chemie genehmigt, muß sich über krasse Symptome nicht wundern. Schulmediziner, Lebensmittel- und Pharmakonzerne reiben sich gleichermaßen die Hände!",0.0,2,4,0
"""Racketes Vater hofft auf den Einsatz der Bundesregierung. ""  Aha, er fordert also, dass meine Kinder vernichtet werden und die Bundesregierung behilflich wird bei der vernichtung meiner Kinder!  Schickt diesen elendiger Faschist und Anhaenger von Adolf Hitler mal bei mir vorbei, ich zeige diesen Faschisten was ich mit Anhaenger von Adolf Hitler mache! ",1.0,2,5,0
"Warum weint er ???? -   Meine Meinung =   mit so einer Rückrunde wird es sehr sehr schwer  . . . . . . . . . !!!! -   Ein, mal wieder, zurückgelassener  ""chaotischer Scherbenhaufen"" ,  bleibt ein  . . . . . . . . . !!!! -   Gute Reise. - ",0.0,2,5,0
"Ich würde dieser Brut 24 Stunden Zeit einräumen, Deutschland zu verlassen, denn ihr Leib und Leben scheint bald in Gefahr zu sein.",1.0,2,5,0
"Ich wäre ja noch für eine Grundsteuer wenn ich wüsste daß das Geld der Bundeswehr zugute käme um mein Grundstück zu verteidigen.  Das scheint wohl nicht der Fall. Im Gegenteil. Ich muß mich noch selbst abschotten weil ziemlich viele ""düstere""Gestalten um mein Grundstück herumschleichen.",0.0,2,5,0
"Die sog. Teenager von heute wissen scheinbar vor Blödheit nicht mehr, wie sie ihre Zeit verbringen soll.  Denen sollte ordentlich der Kopf gewaschen werden - mal so ein paar Wochen in den Knast stecken wirkt da bestimmt Wunder. Aber die werden - dank unserer lächerlichen Rechtssystem - aufgrund begrenzter Schuldfähigkeit wieder laufen gelassen.",1.0,2,5,0
"Und noch so eine gremium gesetz mit hoch bezahlten nixnutzen.  Natuerlich auch ohne leute, die ahnung vom thema haben.",0.0,2,5,0
Todesliste mit Politikernamen?,1.0,2,5,0
Man merkt der Europwahlkampf ist auf dem Höhepunkt.,0.0,2,5,0
Die nervigen Dauerempörten in diesem Land...  Greta-Dauerempörte Corona-Dauerempörte Anti-AfD-Dauerempörte  Alle in einen Sack und mal drauf hauen...man trifft immer denn Richtigen.    ,1.0,2,5,0
"Wieso heisst es in den Medien stets ""rechtsextreme""  und die Gegendemonstranten sind eben nur die ""Linken"". Noch lange nicht vergessen bei mir,  die linken Schlägergruppen bei G20 und sonstigen Veranstaltungen.  Da ich nicht nur dir RP lese, bin ich zum Glück über den Tellerrand informiert. ",0.0,2,5,0
"Bevor man hier Neiddebatten anfängt, das kann man später immer noch machen, müssen wir zusehen wie wir die ehemaligen DDR Bürger wieder loswerden. Als das dringlichste wäre es den Antifaschistischen Schutzwall wieder aufzubauen, zahlen werden das dann die AFD Leute. Dann können die gern drüben wie  im Krieg mit Reichspässen ausgestattet ihre wahnsinigen Vorstellungen gemeinsam und geschlossen ausüben und wir deutschen Bürger haben endlich unsere Ruhe.",1.0,2,5,0
Was dort im Zoo passiert ist macht mich fassungslos. Wie wenig Respekt diese Menschen haben ist tief traurig. Man kann eigentlich nur an alle anständigen appellieren nicht wegzuschauen und beherzt einzugreifen wenn sich jemand derart respektlos verhält damit solche Leute ein Hausverbot bekommen. ,0.0,2,5,0
"Nahles: ""Und jetzt gibt´s was auf die Fresse"". ABER auf die eigene von Nahles. UND das ist GUT SO:",1.0,2,5,0
Und Danke Herr Bürgermeister und andere Verantwortliche für ihre Einstellung zur Natur und Umweltbelastung !,0.0,2,5,0
"""...Der Drogenkranke... ""  Mehr brauche ich nicht zu lesen, um zu ahnen, wie der Autor/die Autorin tickt.  Die sind süchtig, Frau Geilhausen. Was aus dieser Sucht bzw. aus diesem Mißbrauch resultiert, muß die Allgemeinheit bezahlen.  Aburteilen, wegsperren und abschieben - direkt aus der Haft zum Flughafen.",1.0,2,5,0
"Kleiner Nachsatz: Empfehle Kellermanns Artikel ""Cuisance ist Borussias Tarantino"" anlässlich der Saisonvorbereitung. Speziell für Claqueure.",0.0,2,5,0
"Diese  Rücksichtslosen Heinis mit Ihren Ballermännern. Wenn ihre Jagdhunde sich nicht wehren können, na und, pech gehabt. In Zukunft muß jeder Köter abgeballert werden, der auf Menschen los geht. Ausnahmslos.",1.0,2,5,0
"Spotttoelpel.........Machen Sie doch einen auf ""Selbstversorger""! Warum soll ich das tun? Ich möchte doch nur das LKW Fahrer sich an recht und gesetzt halt. Wer mit einem Fahrzeug von über 40 Tonnen ohne sondergenehmigung macht tut das nicht und schädigt unsere Straßen und besonders die Brücken.",0.0,2,5,0
"Warum sollte eine ergrünte CDU ein segelndes Kriegsschiff auch abwracken? So ein ökologisch wertvolles und vor allen Dingen emmissionsfreies Schiff hat die Marine sonst nicht vorzuweisen. O.k., die neue Generation UBoote kommt dem vielleicht noch nahe, näher zumindest als die sonstigen Boote. Also - alles im grünen Bereich. Zusammenbauen, ein paar Kanonen drauf und ab gehts gegen die Brexetiers ;-))",1.0,2,5,0
"Ganz einfach, das bestehende Halteverbot konsequent überwachen. Die Fahrzeuge an der nächsten Ecke aus dem Verkehr ziehen, Bußgelder kassieren und gaaaaanz wichtig!!!! eine eingehende Fahrzeugkontrolle sowie Halterabfrage, Fahrerüberprüfung inkl. Restalkohol / Drogenkontrolle. Muss pro Fahrzeug min. 5 Minuten dauern. Der Letzte ist halt erst Mittags dran. Das Ganze mehrere Tage hintereinander und in unregelmäßigen Abständen immer wieder.",0.0,2,5,0
Es wird Zeit das wir Geisel zum Teufel jagen,1.0,2,5,0
"Das ist aus meiner Sicht die größte Umweltzerstörung im Kreis Mettmann. Der Lärm des Steinbrechers ist werktags weit zu hören. Leider interessiert das so gut wie niemanden! Oetelshofen ist es gelungen, mit Ihren Veranstaltungen und der Berichterstattung  davon abzulenken, das hier unwiderbringlich Wälder zerstört werden und die Naturschützer lassen sich mit den Uhus besänftigen.   Ein ""Hambacher Forst""  in Gruiten  ",0.0,2,5,0
"Und so eine Dumpfbacke wird Honig wohin geschmiert, damit er in Ost-Deutschland eine Fabrik baut?  Aber solche Dumpfbacken haben wir in Deutschland leider auch.  Hätte Corona doch bloß nicht so viel Anstand.",1.0,2,5,0
Mich würden genauere Angaben zu dem Täter interessieren. Aber die bekommt mal wahrscheinlich nicht.,0.0,2,5,0
"Wir sollten uns ein Beispiel an Italien nehmen, der Berliner Attentäter wurde dort ""auf der Flucht erschossen"".",1.0,2,5,0
Falsch! Deine Kindheit haben Deine Eltern gestohlen liebe Greta! Du wirst nur Deiner Zukunft beraubt!;),0.0,2,5,0
"wow jetzt schon wo der ""Krieg"" schon längst verloren wurde???? das ist wie wenn die Feuerwehr erst dann ausrückt wenn das Haus bis auf die Grundmauern abgebrannt ist! Die Dummheit und lahmarschigkeit der Regierungsbehörden und Sicherheitsunternehmen ist ein Witz...und soll man sich jetzt freuen? wie oft verarscht man uns eigentlich noch? Da hilft nur Bürgerkrieg um die bestehenden Grundfesten niederzureissen. ",1.0,2,5,0
"Sicher, Karneval, Fasching oder was auch immer ist meist flachster Schenkelklopfer- und Altherren-Humor, aber von einer Parteivorsitzenden sollte man doch erwarten können, einen kleinen Tacken über den mittleren Niveau zu bleiben. ",0.0,2,5,0
Ein toter DUH ist ein guter DUH.,1.0,3,6,0
Aus diesem Grunde ist die Forderung der AfD nach einer Veränderung der EU oder sogar einem Dexit zutreffend.,0.0,3,6,0
"""wer ohne Sünde ist, der werfe den ersten Stein""  Kennt der Moslem nicht, obwohl Jesus angeblich ein Prophet im Islam ist.  Aber wir sind ja tolerant - die Frau muss bitte sterben, steht so in Koran und in Pakistan gibt es Todesstrafe.  Danke. ",1.0,3,6,0
"Wir werden halt von Dilettanten regiert. Nachher heißt es dann als Ausrede immer, jetzt müsse man nach vorne schauen oder ""sowas wie 2015 darf uns nicht mehr passieren"" oder ""wir waren überlastet"". Kein Wunder, dass solche Leuten Berater von außen brauchen, in den Parteien gibts ja keine fähigen Leute mehr.",0.0,3,6,0
"Gelbe Westen an und Steine in die Hand!  Das ist die richtige Antwort auf die immer weiter um sich greifende Abkassiererei durch den Staat. Und wer glaubt, das verschärfte Polizeigesetz wurde geschaffen um ein paar Fussballhooligans zu jagen oder die Langhaarigen im Hambacher Forst einzufangen...der glaubt auch an den Weihnachtsmann. Unsere Politiker rüsten die Schläger in Uniform aus um sich gegen den Ansturm der Bürger zu schützen.",1.0,3,6,0
"Frau Quadbeck, haben Sie mittlerweile erkannt, dass Frau Merkel nur dann Mitmenschlichkeit zeigt, wenn es ihr nützt? Noch 2012 hat die Regierung unter Merkel die Hilfe für die UNCHR weit herangesetzt. Dadurch konnten viele Flüchtlinge in Lagern weltweit nicht optimal versorgt werden. Obwohl die Versorgung im Libanon nur 39 Dollar kostet. War das human? Schauen Sie mal auf den Arbeitsmarkt.....Billiglohnjobs boomen.",0.0,3,6,0
Das is kein Spass das ist einfach nur DUMM und lebensgefährlich solche Gestalten müssen mit dem Bambusstock verprügelt werden wie in Indien,1.0,3,6,0
"Was als nächstess kommt?  Eine Entscheidungshilfe zu zwei-, oder  gar dreilagigem Toilettenpaier vielleicht? Könnte ich auch anbieten, und zwar für 15€ je angebrochene 10 Minuten bei persönlicher Beratung vor Ort, zzgl. Reisespesen. Telefonisch für 12€ je angebrochene 10 Minuten. Hat jemand Bedarf?",0.0,3,6,0
"Die Waffe braucht er aber nicht für Rechte wohl eher für die Antifa ""Aktivisten""",1.0,3,6,0
"Klar, wir haben es doch. Warum sollten sich Eltern um ihre Kinder kümmern? Geld und Selbstbestätigung sind wichtiger auf Kosten der Allgemeinheit",0.0,3,6,0
Meine Wut ist unbeschreiblich. Haut den Bekloppten endlich die Augen blau !,1.0,3,6,0
DANKE Frau Quadbeck für dieses tolle und NEUTRALE Statement,0.0,3,6,0
Schickt die Kleine doch endlich dahin wo sie hingehört! In die Klapse!,1.0,3,6,0
"Werden oder können diese Spenden abgesetzt werden oder irgendwie gegen Gewinne gerechnet werden,wenn das so ist dann sollte man das schnellstens vergessen denn wenn diese Spenden gegen Gewinne gerechnet werden bezahlen doch alle Steuerzahler mit ",0.0,3,6,0
"Das ist die Realität im Hambacher Forst: die sogenannten ""Umweltaktivisten"" sind Kriminelle und mit Alkohol und Drogen auf Stimmung gebracht. Hier hilft nur die ganze Härte des Rechtsstaates einsetzen. Zur Identität der Angeklagten: die Öffentlichkeit einschalten und in 1 Tag sind die Personalien geklärt.",1.0,3,6,0
"Ja, Rücksichtnahme! Schauen Sie doch mal, wie das Gelände hinterlassen wurde. Ein Blick oder ein Klick genügt. Wen interessiert schon Weeze? Unglaublich toll war's wieder!  Den Schulbuchverlag-Pädagogen-Vergleich würde ich nicht im Ansatz so ziehen, aber jeder hat da einen anderen Blickwinkel, gell?",0.0,3,6,0
"Ich lade Peter Malzbender gern nach Merzig ins Wolfsgehege ein. Dort lebte Deutschlands einziger „Wolfsflüsterer“, bis er von den Wölfen getötet wurde. Mit Malzbender mach ich also gern das gleiche Experiment.",1.0,3,6,0
"Interessant, daß Erfrieren offenbar nicht als Sicherheitsrisiko betrachtet wird.   ",0.0,3,6,0
Im Fall des Falles inklusive Piratenbegräbnis? Sack Kohlen an die Füße und ab über die Planke?,1.0,3,6,0
"Zuerst war es die Trennung von Raucher und Nichtraucher, dann das totale Rauchverbot, jetzt der zu warme Sommer. Was kommt als nächstes?  Könnte es aber vielleicht sein, dass sich die Gastronomie- und Kneipengängergesellschaft geändert hat? Sich kein Betrieb drauf eingestellt hat und die Schuldigen jetzt bei den Gästen sucht? Warten wir mal 10 weitere Jahre ab, mal sehen wer dann was ""Schuld"" ist.  ",0.0,3,6,0
"Heute in der Bildzeitung: Eritraer steht vor Gericht wegen Vergewaltigung. Er kam übers Mittelmeer nach Italien und dann Deutschland, weil es sich hier gut leben lässt. So seine Aussage vor Gericht Soviel zum Thema Asyl und Schutzsuchende.  Die Schiffe gehören an die Kette und die Retter wegen Beihilfe zur Schepperei angeklagt. ",1.0,3,6,0
"Die üblichen  AfD-Fans versuchen hier mal wieder rechtsextremen Terrorismus zu verharmlosen.  Nach dem Mord an Lübcke sollte eigentlich auch dem Letzen klar sein, dass Wohungsdurchsuchungen nach Aufrufen und Ankündigungen von Gewalttaten im Internet vollkommen richtig sind.  Wieso sympathisieren die AfD-Fans derart mit den Tätern, dass sie die Durchsuchungen lächerlich machen wollen?",0.0,3,6,0
"Halten Sie bitte die Fresse!  So geht links/ grün. Von Pack, bis erschiessen, in die Fresse usw. Jetzt fehlt nur noch: Aber doch nicht in unserer Stadt, kennen ja nach den linken Brandstüftern die Hamburg abgebrannt haben. ",1.0,3,6,0
"So langsam habe ich den Eindruck, das viele sich sogar freuen würden, wenn in ganz Deutschland sich kein einziges Motorfahrzeug mehr bewegt. Über die Auswirkungen denken diese Experten natürlich nicht nach. Man möge mal überlegen, wie es in so einem Fall nur für Grundversorgung für ca. 80 Millio. Menschen aussieht.",0.0,3,6,0
Gut so....  Hätten in den 70ern mit den RAFlern auch passieren müssen ,1.0,3,6,0
Auch dieser vollversorgte und eingeschworene EU Befürworter  schafft weiteres Unbehagen in der Bevölkerung.  Und wenn solche Personen die Vorzüge anmahnen - wird manchem BRD Bürger der sich den Verlauf der letzten Jahrzehnte im EU Planspiel sowie Ergebnis vor Augen hält - Angst und Bange.  Die EU Wahl wird wahrscheinlich ein Donnerschlag für Europa.  ,0.0,3,6,0
"Und wenn ihn jemand umlegt, dann ist auch dies ein Akt des nationalen Notstands.",1.0,3,6,0
Seine Abwahl ist schon beschlossene Sache.,0.0,3,6,0
Denunzianten sieht man im Leben immer zweimal. Die sollten sich dann aber warm anziehen,1.0,3,7,0
und wenn in remscheid 10 oder 100 leute glauben das gleiche verstanden zu haben - gerade hier ist es trotzdem so wie bei der stillen post - ,0.0,3,7,0
"Ich hoffe das die für das Personal Fallschirme an Board haben, sonst wünsche ich den verlogenen  die Pest an den Hals",1.0,3,7,0
"Wenn man dem Bericht Glauben schenken will, könnte man meinen, dass NÜÜÜSS eine karnevalistische Hochburg ist. Stimmt leider nicht, Neuss kann Schützenfest, aber Karneval, gar Fasteleer a la Colonia?! Da müssen die noch viel üben. Wie sage schon Martin Luther:"" Und ob wir nicht bis morgen schaun, wir wollen hoffen und vertraun!!""",0.0,3,7,0
"Höcke-Jünger haben in der Bundeswehr absolut nichts verloren. Die gehören ausgemerzt, sollen sich stattdessen bei Kötter Security o. ä. verdingen. Daher muss die nächste Verteidigungsministerin eine Grüne sein, die den Mut aufbringt, den braunblauen Mist aus diesem Augiasstall zu entfernen.",1.0,3,7,0
Hat er doch :-)),0.0,3,7,0
"Schwiegersohn-Typ?  Aber nicht für mich und meine Töchter. Wenn die mit so einem Typen ohne Beruf oder Studienabschluss ankommen, wird der Hund auf ihn gehetzt. Das ist höchstens ein Schwiegermutter-Typ für Mamis, die aus der kalten Heimat kommen.",1.0,3,7,0
"Dass Motorräder dort nicht fahren dürfen, Taxis aber schon, ist auch so ein Unsinn. Wer von den beiden ist wohl umweltfreundlicher?",0.0,3,7,0
Stellt doch einfach mal nen drill instructor dahin der aggressive Großmäuler bei bedarf auspeitscht ....,1.0,3,7,0
"Ja so macht man das wohl heutzutage. „Die Scheidung ist vor kurzem passiert“. Einfach so, wie man mal eben zum Bäcker geht oder sowas ähnliches. ",0.0,3,7,0
Wo bleibt nur Lee Harvey Oswald II.?,1.0,3,7,0
"Wenn ich hier sehe, wie viele hier meinen alles wäre gut, bestätigt das erneut, dass es um die Menschheit nicht schade ist, wenn sie sich möglichst schnell selbst ausrottet. Dumm - dümmer - Mensch.",0.0,3,7,0
Der Staat sollte diese Familienbanden zerstückeln und im Helikopter über dem Meer verklappen. Dieser Kommentar wird auf Rücksicht und Symphatie zu diesen Banden leider nicht veröffentlicht. Glückwunsch! Dann geht die Party weiter! Darüber darf es leider keine Meinung geben!,1.0,3,7,0
"Hut ab vor Mack Horton! ""Wellbrock ... will das Thema ausblenden"" Macht Mutti doch auch so, wenn sie die Chinesen hofiert...",0.0,3,7,0
"Das Lind muss ommer erst auf dem Grund des Brunnens vorsätzlich ersäuft werden. Vorher regt sich niemand der hohem Herren. Hier geht's nocht um Häme, obwohl die Ignoranz auf diesem Gebiet mittlerweile pathologisch  Züge trägt.  Jahrelang wurde geschludert und abgewiegelt...NO MORE SECRETS...NSA lässt grüßen...schade. ",1.0,3,7,0
Wieso findet so ein Event unter der Woche statt??? Da tuen sich die Verantwortlichen kein Gefallen ,0.0,3,7,0
"Ich gratuliere Saskia K. für ihren detektivischen Spürsinn und wünsche ihr, dass sie mit dem Einbrecher fünf Minuten alleine sein darf.  Vorher sollte sie aber dem mittelalterlichen Foltermuseum in Rüdesheim einen Besuch abstatten. ",1.0,3,7,0
dirtysantiago .....  jetzt heißt es schön lieb sein ......  Warum? Wer 500.000€ Gehälter für Spieler zahlen will braucht doch keine Alimentierung durch Rentner und Arbeiter.,0.0,3,7,0
Hoffentlich verschwindet der Typ mitsamt seinem Anhang im Bermudadreieck und wird nie wieder gefunden!,1.0,3,7,0
"Solche Vorschläge können auch nur von Figuren kommen, die nicht auf den Euro schauen müssen ...",0.0,3,7,0
"Sollten irgendwelche Leute das nun ernst nehmen,versuchen aufs Gelände zu kommen und erschossen werden,dann sollte man den ersteller dieses tollen gags,haftbar machen und wegen Mord anklagen.",1.0,3,7,0
"""Das ist nicht das Versprechen, das den Bürgerinnen und Bürgern vor der Wahl gegeben wurde""  Hat das jemals irgendjemanden interessiert? Zum Beispiel den Herrn Müntefering?",0.0,3,7,0
"Solche Betrüger müßen beim ersten Verstoß eine Lebenslange Sperre bekommen, sofort und ohne Gnade. Nur so wird der Sport sauber und fair!",1.0,3,7,0
"Wer 150 Meter mit dem Auto zum Zeitung oder Zigaretten holen fährt, der fliegt auch 150 km.  Schließlich muss ja die eigene Mobilität demonstriert werden! Auch wenn es irgendwann mit Gasmaske sein muss. Norbert Sinofzik, Rheinstadt Uerdingen",0.0,3,7,0
"Eigentlich kann Maaßen sich noch etwas glücklich schätzen. In anderen Ländern hätte man ihn bei einer Rangelei zu Tode kommen lassen, seine Leiche zerstückelt und in Säure auflösen lassen. Soooo weit ist Merkelland nicht, noch nicht?",1.0,3,7,0
"Der Begriff ""Eilmeldung"" wird in letzter Zeit aber auch immer freizügiger von Euch benutzt, Liebe RP ...",0.0,3,7,0
"Rakete, ich will SIE vor Gericht sehen  und zwar als Angeklagte !",1.0,3,7,0
"und somit wäre der ""Sportstadt D"" mal wieder genüge getan und alles ist ins rechte Lot gerückt. Vor ein paar Tagen rühmte man sich bei der Fortuna und verglich sich mit dem FCB, weil man 54 Siege in Folge erzielt hatte. Jetzt schlug die DEG unbarmherzig zurück. 4 Niederlagen in Folge, und der Sport in D ist wieder ausgeglichen. (lach)",0.0,3,7,0
"Klasse von dem jungen Mann! Nur schade um das Ei .... Demnächst bitte faule Eier! Norbert Sinofzik, Rheinstadt Uerdingen",1.0,4,8,1
"Langsam aber sicher wird dieser unfähigste US-Präsiden aller Zeiten jeden Tag, an dem er noch im Amt ist, unerträglicher!! Nur um seinen nicht nachvollziehbaren, ja dummdreisten Willen zum Bau dieser verd..... Mauer durchzusetzen,  kündigt er sogar den Narionalen Notstand an. Warum steht eigentlich das amerikanische Volk und Senatoren und Parlamentarier nicht mal langsam auf und stellen einen offiziellen Antrag auf Amtsenthebung für diesen wirklich nicht mehr tragbaren ""Poltergeist""?  ",0.0,4,8,1
Warum lässt man die vier prügelnden Asylforderer mit den 21 angegriffenen Opfern nicht für fünf Minuten alleine?,1.0,4,8,1
Die Idee finde ichgar nicht so schlecht. “Deutschlands größter Billiglinienflughafen” wäre aber vielleicht passender.,0.0,4,8,1
Diesen Typen würde ich ja sofort eins auf die Glocke geben. Was bilden die sich denn überhaupt ein ?,1.0,4,8,1
"Die Antwort Nr.19 beim Zebrastreifen ist falsch. Parkverbot gilt vor, auf und nach dem Zebrastreifen. Also ist Antwort C richtig !",0.0,4,8,1
"Tja. Dann rufe ich hiermit zur totalen Vernichtung der IS - ""Kämpfer"" oder der Aburteilung selbiger nach Sharia-Recht auf. Das schätzen diese Deppen ja so.",1.0,4,8,1
"Ist doch ganz einfach, die Kinder mit Masern nicht behandeln und Zuhause in Quarantäne nehmen. Eltern und Geschwister dürfen das Haus auch nicht verlassen und müssen dafür Urlaub nehmen. Diese Krankheit lässt sich mit einfachsten Mitteln verhindern.",0.0,4,8,1
"Wann besucht Trump endlich Dallas, um im offenen Auto durch die Stadt zu fahren.  (Ironie aus.)",1.0,4,8,1
"Gab es vor einigen Wochen nicht die Schlagzeile, dass es zu viele Betten gäbe und Krankenhäuser ihre Kapazitäten abbauen sollten.  Völlig klar, wenn aus Heilhäuser Profitcenter gemacht werden, wenn Führungskräfte sechstellige Jahresgehälter bekommen, muss irgendwo gespart werden. Und da bieten sich das Personal und die Patienten an, um die Sparschraube noch enger zu ziehen. ",0.0,4,8,1
"Da sie mir den indirekt den TOT gewünscht haben, wissen ja was ich ihnen wünsche",1.0,4,8,1
"Was hat den Herr Aschenbroich oder seine Landwirtschaft-betreibenen Vorfahren gemacht , als es noch kein Glyphosat gab? Das wurden ""Unkräuter"" manuell per Hand oder Egge entfernt. Heute soll der Boden nicht mehr ""Aufgebrochen"" werden um Kleinstlebewesen zu schützen.  Da lachen ja die Hühner , Herr Aschenbroich.",0.0,4,8,1
"Wenn mir so'n Yuppie mit seinem Kinderroller zu nah kommt, und dann auch noch klingelt, fahr ich den Ellenbogen weit aus (musste mit eine Fliege ins Auge gekommen sein, die wollte ich rauswischen, Herr Richter ...)",1.0,4,8,1
"Da spricht nichts dagegen: Da Fach- und Sachenntnisse für die Berücksichtigung für ein Amt in der Spitzenpolitik ohnehin keine Rolle spielen, kann man die Positionen auch nach beliebigen Kriterien vergeben.",0.0,4,8,1
"Wenn nötig, werden wir unser Leben geben. Wenn nötig, werden wir Leben nehmen.“   Das heisst nicht Leben nehmen, das heisst wir werden morden. So wie es jetzt schon passiert unter Duldung der Grossmächte.",1.0,4,8,1
"Eine gezielte, bewußt geplante Provokation, vor allem gegen eine eindeutige, klare Gesetzeslage in Italien. Die Kapitänin wird die Konsequenzen für ihre Gesetzesverstöße tragen müssen.  Die kolportierten zehn Jahre sind da angemessen.",0.0,4,8,1
"Dann hoffe ich mal für den Unbekannten, dass er mal einen Schlaganfall oder Herzinfarkt erleidet und bei diesem Einsatz auch Jemand das Sanka versteckt.",1.0,4,8,1
"Ich frage mich, ob es solche Vorkommnisse regelmäßig auch in ungarischen, polnischen oder tschechischen Bädern gibt. Ich glaube eher nicht. Woran mag das wohl liegen ? Da kann man nur sagen, glückliche Visegradstaaten. Dort gib es noch Regierungen, die ihre Verantwortung für ihr eigenes Volk ernst nehmen.",0.0,4,8,1
"Vorschlag fürs Drehbuch: Helene Fischer verirrt sich mit einem Schlauchboot in die Fahrrinne MS Silbereisen und Kapitän Florian lässt noch ein paar Kohlen auflegen, damit Helene auch ganz sicher von der Schiffsschraube geschreddert wird. Anschliessend fängt Florian an zu singen und das Schiff sucht eigenständig den nächsten Eisberg, um diesem phonetischen Terorrismus zu entgehen. Das wird ein Quotenhit.....",1.0,4,8,1
""" Wir haben früher Samstags demonstriert und nicht die Stadtverwaltung lahmgelegt ""  Da gibt es einen Unterschied, heute handelt es sich um betreutes demonstrieren.",0.0,4,8,1
"Unter Freunden ist Haare wuscheln oder  jemanden in den Arm zu nehmen, kein Problem.  Wenn der Volkskommissar Juncker allerdings meint, jeden und alles abknutschen zu müssen, dann ist das nur noch abstoßend.  Und wenn er mein, bei einem Gespräch Theresa May am Arm festhalten zu können, dann hätte die Premierministerin Ihrer Britischen Majestät gut daran getan, dem Kerl fünf  Finger durchs Gesicht zu ziehen - und  das derart, daß es für einige Zeit sichtbar ist.  ",1.0,4,8,1
"Gibt es in der SPD eigentlich noch Mitglieder, die, wie meine Gattin seit mehr als 40 Jahren Mitglied, noch schlicht rechnen können. Große Mathematik braucht es da nicht, um zu erkennen, dass das Vorhaben Grundrente nicht zu bezahlen ist. Wissen das a l l e Mitglieder der SPD??",0.0,4,8,1
"Wetten, das die Festgenommenen schneller auf freiem Fuß sind, als die betagte Dame, die vor einigen Tagen einen Ladendiebstahl begangen hatte, mit einem Beutewert von 18 Euro.  Jedenfalls gratuliere ich den Polizeieinsätzen, dass sie die rumänischen LKW-Aufschlitzer festnehmen konnten. Man sollte diese Bande mit den bestohlenen Lkw-Fahrern für fünf Minuten alleine lassen. ",1.0,4,8,1
"Wo ist die Studie über die qualifizierten Ü50, die sich nach unverschuldeter Arbeitslosigkeit als Billiglöhner verdingen müssen, weil sie am Arbeitsmarkt, trotz angeblichem Fachkräftemangel, kaum noch ein Bein auf die Erde bekommen ?",0.0,4,8,1
Ich werde regelmäßig die Umweltspuren blockieren und für ein Verkehrschaos sorgen.,1.0,4,8,1
"Ich bin auch schockiert darüber, dass CDU-, SPD- und FDP-Politiker mit Nazis kooperieren. So etwas könnten man sich bei den Grünen nicht vorstellen. Höchste Zeit, dass Parteien wie NPD und AfD verboten werden!",0.0,4,8,1
Lassen wir sie doch alle in einem Flugzeug fliegen und machen es wie die Polen. Dann haben wir halt ein zweites Smolensk. Dann haben alle Klugscheißer mrecht.,1.0,4,8,1
"Herr Gruhner; außerhab der Partei bisher  weder etwas geleistet noch    gearbeitet;   findet, der Groko fehle der Respekt gegenüber den Jungen; kann es aber nicht mal begründen. Damitysteht ihm der Weg bis zur Kanzlerschaft offen, wenn er auch mit noch dünner, unbedarfter,  und abwegiger argumetierenden  Kollegen wie P. Amthor darum zu kämpfen haben wird.",0.0,4,8,1
Also zurück in die KZ's.,1.0,4,9,1
"Der Eintritt in Notre Dame war kostenfrei,es sei denn ,man wollte die Schatzkammer besuchen.",0.0,4,9,1
"Wär mein Kind betroffen, würden beide den ersten Hafttag nicht überleben! Das Kopfgeld das ich aussetzten würde wäre so hoch, dass das ganze Gefängnis hinter denen her wäre...inkl. der Wärter!",1.0,4,9,1
Man kann nur hoffen das die Wirtschaft diesem ganzen Affentheater langsam mal die kalte Schulter zeigt.  Erst dann werden die Verantwortlichen merken wie schmerzhaft ein Boomerang werden kann.,0.0,4,9,1
"Wo wird denn heute nicht gemeckert. Wahrscheinlich noch zugezogen. Sollen woanders hinziehen und gut ist es. Das Gemeckere über alles und nichts ist kaum noch zu ertragen. Wenn deren Haus mal brennt, einfach brennen lassen....So einfach geht das.... Natürlich auch kein Krankentransport... ",1.0,4,9,1
Wer ist dieser Rapper Farid Bang? Auch auf seiner Bordkarte standen doch deutlich die relevanten Zeiten ausgedruckt. Beim nächsten Mal ganz einfach nicht auf den letzten Drücker am Gate erscheinen...,0.0,4,9,1
"Der hat auch gut Lachen bei der Justiz in der BRD. sollte ihm solche Taten nachgewiesen werden, sollte er in syrische Gefangenschaft und und wir tragen die Kosten.   Dort ist es sicher billiger und einprägsamer für den ""Lachenden"" denn das wird dem dort sicher schnell vergehen.  Jede Wette. ",1.0,4,9,1
"Das ist gut, dass sich der Städtetag sorgt sich nach Lübcke-Attentat um Kommunalpolitiker sorgt. Sind die von der AfD da mit eingeschlossen?",0.0,4,9,1
Wo bleibt nur Lee Harvey Oswald II.?,1.0,4,9,1
Vielleicht mal in der Bedienungsanleitung schmökern?,0.0,4,9,1
"Willkommen im Mittelalter.  Herrgott, dann werft euch doch endlich die A-Bomben gegenseitig ins Land und Ruhe ist.",1.0,4,9,1
Skigebiet? Welch Begriff -  ist es nicht eine ökologisch sensible Mittel-Gebirgs-Landschaft? Schneekanonen? Liftanlagen? (Diesel-)Pistenraupen? Sollte man sich in der Natur nicht mit den Dingen beschäftigen die diese saisonal bietet?  ,0.0,4,9,1
Hoffentlich CO2 neutrales  Reizgas. Wohlstandskinder können sich dann bei Mama um Papa ausweinen. ,1.0,4,9,1
"Haha, zur Rechten Zeit liefert die Bertelsmann-Stiftung eine sog. 'Studie'. So ein Zufall aber auch. Die Frau Bundeskanzlerin von der CDU wird das freuen.  Der Begriff 'Studie' ist für mich auch zu einem Unwort geworden.  ",0.0,4,9,1
"Im Gegensatz zu Karl Lagerfeld würde sicher niemand, wirklich niemand einen toten Oliver Pocher vermissen. ",1.0,4,9,1
"Wäre nix neues: je rechter, desto großzügiger vom Kapital hofiert. Witzig ist nur diesesmal die Richtung - die CDU-Granden mußten damals die schwarzen Koffer noch in die Gegenrichtung kutschieren.  ",0.0,4,9,1
"Liebe Aktivisten, was könnt ihr froh sein, dass vernünftige Menschen sich nicht mit euch auf eine Stufe stellen. Ihr könnt euch nicht gar nicht vorstellen, wie es mir und vielen Weiteren, wenn wir das alles so verfolgen, was ihr da treibt und wie ihr euch verhaltet, in den Fäusten juckt! Nur leider dürfen wir ja nicht so wie wir gerne wollen würden! Euer Glück!",1.0,4,9,1
"Man sollte sich auch die Frage stellen, ob der Datenschutzbeauftragte stefan  brink nach seinen Äußerungen noch haltbar ist. Ein Politiker sollte immer so handeln, dass es nicht illegal ist.",0.0,4,9,1
"Gut so, wer nicht hören will, muss fühlen... Zur Not auch mit Schlagstock und Wasserwerfern... Anders kapiert es dieser Chaotenhaufen wohl nicht...",1.0,4,9,1
"Unfassbar! Ich hoffe, die alte Dame hat diesen Schock halbwegs überwunden und man findet die Täter schnell.",0.0,4,9,1
Solche Menschen sollte an die Wand gestellt werden,1.0,4,9,1
"Gute Idee Herr Spahn. Wir brauchen die jungen frischen Organe, nicht die Leber eines 80jährigen...... ",0.0,4,9,1
Franz Jaffa: Das kann doch nicht Ihr ernst sein! Diese Leute müssen ganz schnell aus dem Verkehr gezogen werden !!!,1.0,4,9,1
"Na hoffentlich kandidiert die Bundestagsabgeordnete zur OB. Wäre ein politischer Lichtblick im kommunalen Alltag. Erfolge hat sie in Düsseldorf im Übrigen reichlich. Ohne StraZi gäbe es z.B. den KöBogen nicht. Ideologiefrei - pragmatisch - gradlinig - ehrlich. Wer sie erlebt hat, weiss diese Eigenschaften an ihr zu schätzen. ",0.0,4,9,1
"Ich ernenne den ""Fridays-for-future"" Hype nun zum Kinderkreuzzug des 21.Jahrhunderts. Er wird enden wie der im 13.Jahrhundert.",1.0,4,9,1
"Unser tägliches AfD Bashing  gib uns  heute. Aber was will man vom Mainstrean noch anderes erwarten, wenn bei den ersten Prognosen zur HH Wahl  bei der ARD über das abschneiden der AfD gejubelt wird?  (Bericht im Merkur)  umso mehr freut es, dass die AfD ihre Wähler in HH trotz der medialen Hetze halten konnten. Da werden auch in Zukunft die Wagen vom Linken Tilly nichts dran ändern. Die Hetze nutzt sich irgendwann ab und langweilt nur noch. ",0.0,4,9,1
"Wer keine Argumente hat, kann ja auf Greta einhaken. ",1.0,4,9,1
noch ein Jahr DEl...kein Mensch braucht diesen Verein...,0.0,4,9,1
